{"cameraMode":{"drawMode":0,"name":"Shaded","section":"Shading Mode"},"sceneLighting":false,"audioPlay":false,"sceneViewState":{"m_AlwaysRefresh":false,"showFog":true,"showSkybox":false,"showFlares":true,"showImageEffects":true,"showParticleSystems":true,"showVisualEffectGraphs":true,"m_FxEnabled":true},"in2DMode":false,"pivot":{"x":22.73619842529297,"y":3.907583236694336,"z":89.47186279296875},"rotation":{"x":0.013818550854921341,"y":-0.9808850884437561,"z":0.07577508687973023,"w":0.17878961563110352},"size":1.1889723539352418,"orthographic":true}