{"cameraMode":{"drawMode":0,"name":"Shaded","section":"Shading Mode"},"sceneLighting":false,"audioPlay":false,"sceneViewState":{"m_AlwaysRefresh":false,"showFog":true,"showSkybox":false,"showFlares":true,"showImageEffects":true,"showParticleSystems":true,"showVisualEffectGraphs":true,"m_FxEnabled":true},"in2DMode":false,"pivot":{"x":-0.35896968841552737,"y":0.5041058659553528,"z":0.3991396427154541},"rotation":{"x":0.07011549174785614,"y":0.8171584606170654,"z":-0.1017652377486229,"w":0.5630114078521729},"size":2.0443620681762697,"orthographic":false}