{"cameraMode":{"drawMode":0,"name":"Shaded","section":"Shading Mode"},"sceneLighting":false,"audioPlay":false,"sceneViewState":{"m_AlwaysRefresh":false,"showFog":true,"showSkybox":false,"showFlares":true,"showImageEffects":true,"showParticleSystems":true,"showVisualEffectGraphs":true,"m_FxEnabled":true},"in2DMode":false,"pivot":{"x":19.144243240356447,"y":14.931403160095215,"z":25.286819458007814},"rotation":{"x":0.029000531882047654,"y":0.9269580841064453,"z":-0.07328696548938751,"w":0.36679956316947939},"size":1.9852091073989869,"orthographic":false}