{"cameraMode":{"drawMode":0,"name":"Shaded","section":"Shading Mode"},"sceneLighting":false,"audioPlay":false,"sceneViewState":{"m_AlwaysRefresh":false,"showFog":true,"showSkybox":false,"showFlares":true,"showImageEffects":true,"showParticleSystems":true,"showVisualEffectGraphs":true,"m_FxEnabled":true},"in2DMode":false,"pivot":{"x":15.440643310546875,"y":11.069997787475586,"z":46.11885070800781},"rotation":{"x":-0.10905151814222336,"y":-0.4226257801055908,"z":0.051508285105228427,"w":-0.8983021378517151},"size":3.5749523639678957,"orthographic":true}